Transaction_ID,Date,ATM_ID,City,Transaction_Type,Status,Amount
TXN00521,2025-01-01,ATM009,Howrah,Mini Statement,Successful,0
TXN00558,2025-01-01,ATM015,Asansol,Cash Deposit,Successful,3000
TXN00180,2025-01-01,ATM018,Haldia,Cash Withdrawal,Successful,1500
TXN00302,2025-01-02,ATM003,Asansol,Balance Inquiry,Successful,0
TXN00163,2025-01-02,ATM004,Asansol,Cash Withdrawal,Successful,4000
TXN00420,2025-01-02,ATM020,Haldia,Mini Statement,Successful,0
TXN00977,2025-01-02,ATM006,Bardhaman,Cash Withdrawal,Successful,3000
TXN00609,2025-01-03,ATM014,Siliguri,Cash Withdrawal,Successful,500
TXN00032,2025-01-04,ATM008,Haldia,Cash Withdrawal,Successful,200
TXN00230,2025-01-04,ATM018,Haldia,Cash Withdrawal,Successful,1500
TXN00681,2025-01-04,ATM003,Asansol,Mini Statement,Successful,0
TXN00431,2025-01-05,ATM016,Kharagpur,Cash Deposit,Successful,1000
TXN00390,2025-01-05,ATM005,Siliguri,Balance Inquiry,Successful,0
TXN00366,2025-01-05,ATM004,Asansol,Cash Withdrawal,Failed,10000
TXN00843,2025-01-06,ATM005,Durgapur,Balance Inquiry,Successful,0
TXN00150,2025-01-06,ATM014,Haldia,Cash Withdrawal,Successful,200
TXN00795,2025-01-07,ATM012,Howrah,Balance Inquiry,Successful,0
TXN00919,2025-01-07,ATM011,Kharagpur,Balance Inquiry,Failed,0
TXN00905,2025-01-08,ATM012,Durgapur,Balance Inquiry,Successful,0
TXN00290,2025-01-08,ATM009,Howrah,Cash Withdrawal,Successful,10000
TXN00858,2025-01-09,ATM018,Haldia,Cash Withdrawal,Successful,500
TXN00732,2025-01-10,ATM011,Kharagpur,Cash Deposit,Successful,2000
TXN00184,2025-01-10,ATM018,Howrah,Cash Withdrawal,Successful,2000
TXN00677,2025-01-11,ATM002,Kharagpur,Cash Withdrawal,Successful,2000
TXN00744,2025-01-11,ATM013,Asansol,Cash Deposit,Successful,2500
TXN00224,2025-01-11,ATM009,Durgapur,Mini Statement,Successful,0
TXN00003,2025-01-13,ATM005,Kolkata,Cash Withdrawal,Successful,3000
TXN00590,2025-01-13,ATM005,Siliguri,Cash Withdrawal,Successful,100
TXN00463,2025-01-13,ATM013,Kolkata,Cash Withdrawal,Successful,4000
TXN00483,2025-01-13,ATM019,Kolkata,Cash Withdrawal,Successful,1500
TXN00766,2025-01-14,ATM017,Kharagpur,Cash Deposit,Successful,1000
TXN00711,2025-01-14,ATM017,Bardhaman,Cash Withdrawal,Successful,3000
TXN00706,2025-01-14,ATM002,Howrah,Cash Deposit,Successful,3000
TXN00021,2025-01-14,ATM016,Howrah,Mini Statement,Successful,0
TXN00695,2025-01-15,ATM020,Asansol,Cash Withdrawal,Successful,2000
TXN00829,2025-01-15,ATM014,Haldia,Cash Withdrawal,Successful,1000
TXN00498,2025-01-15,ATM017,Siliguri,Cash Withdrawal,Successful,500
TXN00741,2025-01-16,ATM003,Haldia,Cash Withdrawal,Successful,500
TXN00015,2025-01-16,ATM015,Siliguri,Cash Withdrawal,Successful,10000
TXN00103,2025-01-17,ATM015,Asansol,Cash Withdrawal,Successful,1000
TXN00237,2025-01-17,ATM014,Haldia,Cash Withdrawal,Successful,3000
TXN00014,2025-01-17,ATM004,Asansol,Balance Inquiry,Successful,0
TXN00984,2025-01-17,ATM014,Kharagpur,Cash Withdrawal,Successful,1000
TXN00437,2025-01-19,ATM005,Kharagpur,Cash Withdrawal,Failed,1000
TXN00474,2025-01-20,ATM003,Bardhaman,Balance Inquiry,Successful,0
TXN00504,2025-01-20,ATM012,Kharagpur,Mini Statement,Successful,0
TXN00447,2025-01-21,ATM017,Siliguri,Cash Deposit,Successful,3000
TXN00740,2025-01-21,ATM020,Siliguri,Mini Statement,Successful,0
TXN00343,2025-01-21,ATM019,Howrah,Balance Inquiry,Successful,0
TXN00785,2025-01-22,ATM015,Durgapur,Cash Withdrawal,Successful,1000
TXN00444,2025-01-22,ATM011,Kharagpur,Cash Withdrawal,Successful,5000
TXN00419,2025-01-23,ATM008,Howrah,Cash Withdrawal,Successful,4000
TXN00049,2025-01-23,ATM016,Haldia,Cash Withdrawal,Successful,4000
TXN00518,2025-01-23,ATM009,Asansol,Cash Withdrawal,Successful,200
TXN00064,2025-01-24,ATM003,Bardhaman,Cash Withdrawal,Successful,4000
TXN00910,2025-01-24,ATM012,Bardhaman,Balance Inquiry,Successful,0
TXN00591,2025-01-24,ATM013,Haldia,Cash Deposit,Successful,10000
TXN00134,2025-01-25,ATM005,Durgapur,Balance Inquiry,Successful,0
TXN00287,2025-01-26,ATM017,Siliguri,Mini Statement,Successful,0
TXN00718,2025-01-26,ATM014,Siliguri,Cash Withdrawal,Successful,2500
TXN00322,2025-01-26,ATM008,Asansol,Mini Statement,Successful,0
TXN00617,2025-01-26,ATM015,Kharagpur,Cash Withdrawal,Successful,2000
TXN00734,2025-01-27,ATM019,Haldia,Balance Inquiry,Successful,0
TXN00927,2025-01-27,ATM002,Kolkata,Mini Statement,Failed,0
TXN00414,2025-01-27,ATM017,Kolkata,Cash Withdrawal,Successful,100
TXN00911,2025-01-28,ATM008,Kolkata,Mini Statement,Successful,0
TXN00938,2025-01-28,ATM016,Kolkata,Balance Inquiry,Successful,0
TXN00263,2025-01-28,ATM012,Asansol,Cash Withdrawal,Successful,4000
TXN00101,2025-01-29,ATM008,Kolkata,Balance Inquiry,Successful,0
TXN00316,2025-01-30,ATM016,Asansol,Cash Withdrawal,Successful,1000
TXN00189,2025-01-30,ATM010,Durgapur,Balance Inquiry,Successful,0
TXN00328,2025-01-30,ATM005,Siliguri,Cash Withdrawal,Successful,10000
TXN00321,2025-01-30,ATM020,Bardhaman,Cash Withdrawal,Successful,2500
TXN00962,2025-01-31,ATM003,Asansol,Cash Deposit,Successful,2500
TXN00299,2025-01-31,ATM013,Haldia,Balance Inquiry,Successful,0
TXN00234,2025-01-31,ATM012,Kharagpur,Cash Withdrawal,Successful,3000
TXN00319,2025-02-01,ATM018,Asansol,Cash Withdrawal,Successful,2000
TXN00268,2025-02-01,ATM005,Bardhaman,Cash Withdrawal,Successful,5000
TXN00671,2025-02-01,ATM012,Asansol,Cash Withdrawal,Successful,1000
TXN00222,2025-02-02,ATM008,Durgapur,Balance Inquiry,Successful,0
TXN00142,2025-02-02,ATM013,Bardhaman,Mini Statement,Successful,0
TXN00664,2025-02-02,ATM003,Kharagpur,Cash Deposit,Successful,1000
TXN00931,2025-02-03,ATM007,Durgapur,Cash Withdrawal,Successful,2000
TXN00107,2025-02-03,ATM010,Kharagpur,Cash Withdrawal,Successful,4000
TXN00236,2025-02-04,ATM010,Kharagpur,Mini Statement,Successful,0
TXN00334,2025-02-04,ATM004,Durgapur,Cash Deposit,Successful,10000
TXN00332,2025-02-05,ATM016,Haldia,Cash Withdrawal,Successful,1500
TXN00378,2025-02-05,ATM003,Haldia,Mini Statement,Successful,0
TXN00738,2025-02-05,ATM013,Siliguri,Cash Deposit,Successful,2500
TXN00063,2025-02-05,ATM015,Durgapur,Cash Deposit,Successful,2500
TXN00791,2025-02-05,ATM008,Kharagpur,Balance Inquiry,Successful,0
TXN00489,2025-02-05,ATM012,Kharagpur,Mini Statement,Successful,0
TXN00195,2025-02-05,ATM015,Durgapur,Cash Withdrawal,Successful,2500
TXN00529,2025-02-05,ATM013,Siliguri,Cash Withdrawal,Successful,2500
TXN00231,2025-02-06,ATM006,Bardhaman,Balance Inquiry,Successful,0
TXN00085,2025-02-06,ATM018,Siliguri,Mini Statement,Successful,0
TXN00239,2025-02-06,ATM015,Durgapur,Mini Statement,Successful,0
TXN00991,2025-02-06,ATM006,Haldia,Cash Withdrawal,Successful,1500
TXN00371,2025-02-07,ATM001,Asansol,Balance Inquiry,Successful,0
TXN00595,2025-02-07,ATM018,Haldia,Cash Withdrawal,Successful,2000
TXN00934,2025-02-07,ATM010,Howrah,Cash Deposit,Successful,2500
TXN00365,2025-02-07,ATM007,Haldia,Cash Withdrawal,Failed,1000
TXN00773,2025-02-08,ATM020,Kolkata,Cash Withdrawal,Successful,500
TXN00283,2025-02-08,ATM005,Howrah,Cash Withdrawal,Successful,1500
TXN00975,2025-02-08,ATM020,Siliguri,Cash Withdrawal,Successful,10000
TXN00433,2025-02-08,ATM003,Durgapur,Cash Withdrawal,Successful,2500
TXN00648,2025-02-09,ATM006,Kolkata,Cash Withdrawal,Successful,4000
TXN00054,2025-02-10,ATM004,Durgapur,Cash Withdrawal,Successful,2000
TXN00068,2025-02-10,ATM004,Bardhaman,Mini Statement,Successful,0
TXN00192,2025-02-10,ATM014,Kolkata,Cash Withdrawal,Successful,200
TXN00330,2025-02-11,ATM002,Bardhaman,Cash Withdrawal,Successful,1000
TXN00970,2025-02-11,ATM003,Kharagpur,Cash Withdrawal,Successful,500
TXN00655,2025-02-11,ATM019,Siliguri,Cash Withdrawal,Successful,3000
TXN00345,2025-02-11,ATM014,Howrah,Mini Statement,Successful,0
TXN00730,2025-02-11,ATM020,Kharagpur,Cash Withdrawal,Successful,10000
TXN00712,2025-02-12,ATM020,Kharagpur,Cash Withdrawal,Successful,500
TXN00943,2025-02-13,ATM012,Siliguri,Balance Inquiry,Successful,0
TXN00193,2025-02-13,ATM004,Kolkata,Cash Withdrawal,Successful,2500
TXN00576,2025-02-13,ATM002,Durgapur,Cash Withdrawal,Successful,4000
TXN00846,2025-02-13,ATM010,Durgapur,Cash Withdrawal,Successful,100
TXN00011,2025-02-14,ATM019,Bardhaman,Balance Inquiry,Successful,0
TXN00819,2025-02-14,ATM009,Asansol,Mini Statement,Successful,0
TXN00133,2025-02-16,ATM016,Siliguri,Cash Deposit,Successful,3000
TXN00583,2025-02-17,ATM010,Kolkata,Cash Withdrawal,Successful,500
TXN00016,2025-02-17,ATM010,Howrah,Mini Statement,Successful,0
TXN00859,2025-02-17,ATM020,Kharagpur,Cash Withdrawal,Successful,5000
TXN00415,2025-02-17,ATM019,Kharagpur,Balance Inquiry,Successful,0
TXN00291,2025-02-17,ATM016,Kharagpur,Balance Inquiry,Successful,0
TXN00042,2025-02-17,ATM015,Durgapur,Cash Withdrawal,Failed,4000
TXN00255,2025-02-18,ATM001,Siliguri,Cash Deposit,Successful,3000
TXN00256,2025-02-19,ATM019,Asansol,Cash Withdrawal,Failed,3000
TXN00044,2025-02-19,ATM006,Siliguri,Cash Withdrawal,Successful,1000
TXN00286,2025-02-20,ATM017,Kolkata,Balance Inquiry,Successful,0
TXN00964,2025-02-20,ATM020,Bardhaman,Balance Inquiry,Successful,0
TXN00267,2025-02-20,ATM009,Kharagpur,Balance Inquiry,Successful,0
TXN00070,2025-02-21,ATM017,Durgapur,Cash Withdrawal,Successful,3000
TXN00898,2025-02-21,ATM017,Kharagpur,Balance Inquiry,Failed,0
TXN00370,2025-02-21,ATM020,Howrah,Balance Inquiry,Successful,0
TXN00008,2025-02-22,ATM006,Haldia,Balance Inquiry,Successful,0
TXN00918,2025-02-22,ATM018,Haldia,Cash Withdrawal,Successful,4000
TXN00041,2025-02-22,ATM017,Durgapur,Cash Deposit,Successful,1000
TXN00778,2025-02-22,ATM020,Howrah,Mini Statement,Successful,0
TXN00453,2025-02-22,ATM004,Howrah,Cash Withdrawal,Successful,2500
TXN00395,2025-02-23,ATM001,Howrah,Cash Withdrawal,Successful,10000
TXN00610,2025-02-24,ATM010,Siliguri,Cash Withdrawal,Successful,3000
TXN00168,2025-02-24,ATM001,Asansol,Cash Deposit,Successful,1000
TXN00399,2025-02-24,ATM008,Haldia,Cash Withdrawal,Successful,200
TXN00798,2025-02-24,ATM015,Bardhaman,Cash Withdrawal,Successful,3000
TXN00764,2025-02-25,ATM010,Siliguri,Cash Withdrawal,Successful,2000
TXN00472,2025-02-25,ATM016,Asansol,Cash Withdrawal,Successful,100
TXN00271,2025-02-25,ATM010,Kolkata,Cash Withdrawal,Successful,100
TXN00505,2025-02-25,ATM018,Kharagpur,Cash Withdrawal,Successful,3000
TXN00135,2025-02-26,ATM015,Howrah,Cash Deposit,Successful,3000
TXN00432,2025-02-27,ATM015,Howrah,Balance Inquiry,Successful,0
TXN00185,2025-02-27,ATM002,Kharagpur,Mini Statement,Successful,0
TXN00002,2025-02-27,ATM008,Kharagpur,Balance Inquiry,Successful,0
TXN00158,2025-02-27,ATM002,Kolkata,Balance Inquiry,Failed,0
TXN00930,2025-02-28,ATM002,Asansol,Mini Statement,Successful,0
TXN00761,2025-02-28,ATM005,Bardhaman,Cash Deposit,Successful,1500
TXN01000,2025-02-28,ATM012,Siliguri,Cash Withdrawal,Successful,500
TXN00152,2025-02-28,ATM011,Howrah,Cash Withdrawal,Successful,10000
TXN00751,2025-02-28,ATM012,Bardhaman,Mini Statement,Successful,0
TXN00513,2025-03-01,ATM020,Haldia,Cash Withdrawal,Successful,1500
TXN00499,2025-03-01,ATM007,Siliguri,Cash Withdrawal,Successful,5000
TXN00398,2025-03-01,ATM012,Howrah,Cash Withdrawal,Successful,1000
TXN00945,2025-03-02,ATM011,Kolkata,Cash Withdrawal,Successful,3000
TXN00883,2025-03-03,ATM014,Asansol,Cash Withdrawal,Successful,1000
TXN00783,2025-03-03,ATM012,Siliguri,Cash Withdrawal,Failed,10000
TXN00219,2025-03-03,ATM016,Siliguri,Balance Inquiry,Successful,0
TXN00886,2025-03-03,ATM012,Bardhaman,Cash Withdrawal,Successful,5000
TXN00338,2025-03-03,ATM013,Siliguri,Cash Withdrawal,Successful,4000
TXN00620,2025-03-04,ATM014,Siliguri,Balance Inquiry,Successful,0
TXN00535,2025-03-05,ATM007,Kharagpur,Cash Withdrawal,Successful,5000
TXN00052,2025-03-05,ATM011,Bardhaman,Balance Inquiry,Successful,0
TXN00908,2025-03-06,ATM012,Haldia,Cash Deposit,Failed,500
TXN00197,2025-03-06,ATM010,Haldia,Cash Deposit,Successful,500
TXN00748,2025-03-06,ATM003,Kharagpur,Balance Inquiry,Successful,0
TXN00915,2025-03-06,ATM005,Kharagpur,Cash Withdrawal,Successful,10000
TXN00703,2025-03-07,ATM003,Kharagpur,Mini Statement,Successful,0
TXN00443,2025-03-07,ATM018,Haldia,Cash Withdrawal,Successful,3000
TXN00546,2025-03-07,ATM003,Haldia,Cash Withdrawal,Successful,1500
TXN00198,2025-03-07,ATM001,Haldia,Cash Withdrawal,Successful,3000
TXN00422,2025-03-08,ATM017,Asansol,Cash Withdrawal,Successful,10000
TXN00376,2025-03-09,ATM019,Haldia,Cash Withdrawal,Failed,2500
TXN00247,2025-03-09,ATM019,Bardhaman,Cash Withdrawal,Successful,1000
TXN00359,2025-03-09,ATM012,Kolkata,Balance Inquiry,Successful,0
TXN00622,2025-03-10,ATM008,Howrah,Cash Deposit,Successful,200
TXN00396,2025-03-10,ATM005,Siliguri,Cash Withdrawal,Successful,1500
TXN00715,2025-03-11,ATM012,Kharagpur,Mini Statement,Successful,0
TXN00130,2025-03-12,ATM010,Howrah,Mini Statement,Successful,0
TXN00656,2025-03-12,ATM019,Kharagpur,Cash Withdrawal,Successful,4000
TXN00007,2025-03-13,ATM002,Bardhaman,Cash Withdrawal,Successful,1500
TXN00277,2025-03-13,ATM003,Haldia,Balance Inquiry,Successful,0
TXN00119,2025-03-13,ATM020,Durgapur,Cash Withdrawal,Successful,1500
TXN00117,2025-03-15,ATM013,Siliguri,Mini Statement,Successful,0
TXN00606,2025-03-17,ATM014,Howrah,Cash Withdrawal,Successful,5000
TXN00441,2025-03-17,ATM020,Kolkata,Balance Inquiry,Successful,0
TXN00589,2025-03-17,ATM006,Kolkata,Cash Withdrawal,Successful,500
TXN00940,2025-03-18,ATM002,Siliguri,Balance Inquiry,Successful,0
TXN00435,2025-03-18,ATM011,Howrah,Cash Withdrawal,Successful,1500
TXN00657,2025-03-19,ATM015,Bardhaman,Mini Statement,Successful,0
TXN00939,2025-03-19,ATM009,Haldia,Balance Inquiry,Successful,0
TXN00136,2025-03-20,ATM018,Kolkata,Cash Deposit,Successful,5000
TXN00804,2025-03-20,ATM006,Howrah,Mini Statement,Successful,0
TXN00661,2025-03-20,ATM011,Bardhaman,Cash Withdrawal,Successful,5000
TXN00746,2025-03-20,ATM005,Kharagpur,Cash Withdrawal,Successful,5000
TXN00175,2025-03-20,ATM011,Siliguri,Balance Inquiry,Successful,0
TXN00312,2025-03-21,ATM013,Kolkata,Mini Statement,Successful,0
TXN00038,2025-03-21,ATM002,Howrah,Cash Withdrawal,Successful,4000
TXN00458,2025-03-21,ATM015,Siliguri,Balance Inquiry,Successful,0
TXN00401,2025-03-21,ATM011,Haldia,Cash Deposit,Successful,500
TXN00976,2025-03-22,ATM014,Durgapur,Cash Withdrawal,Successful,500
TXN00161,2025-03-22,ATM019,Haldia,Cash Withdrawal,Successful,100
TXN00382,2025-03-22,ATM007,Siliguri,Balance Inquiry,Successful,0
TXN00971,2025-03-22,ATM011,Kolkata,Cash Withdrawal,Successful,5000
TXN00327,2025-03-22,ATM004,Asansol,Cash Withdrawal,Successful,2000
TXN00033,2025-03-23,ATM019,Durgapur,Cash Deposit,Successful,1000
TXN00635,2025-03-23,ATM017,Bardhaman,Cash Withdrawal,Successful,100
TXN00138,2025-03-23,ATM012,Kharagpur,Cash Withdrawal,Successful,5000
TXN00470,2025-03-23,ATM012,Kolkata,Cash Withdrawal,Successful,4000
TXN00425,2025-03-24,ATM001,Durgapur,Cash Withdrawal,Successful,2500
TXN00177,2025-03-24,ATM013,Asansol,Cash Deposit,Successful,200
TXN00091,2025-03-25,ATM001,Durgapur,Cash Withdrawal,Failed,2500
TXN00460,2025-03-25,ATM014,Howrah,Cash Withdrawal,Successful,4000
TXN00076,2025-03-25,ATM007,Asansol,Cash Withdrawal,Successful,2500
TXN00762,2025-03-25,ATM005,Asansol,Cash Withdrawal,Successful,500
TXN00701,2025-03-26,ATM004,Howrah,Cash Withdrawal,Successful,500
TXN00300,2025-03-26,ATM018,Haldia,Cash Withdrawal,Successful,1000
TXN00202,2025-03-26,ATM010,Bardhaman,Cash Withdrawal,Successful,2500
TXN00758,2025-03-27,ATM016,Bardhaman,Cash Withdrawal,Successful,1500
TXN00293,2025-03-27,ATM011,Haldia,Mini Statement,Successful,0
TXN00574,2025-03-28,ATM013,Bardhaman,Cash Withdrawal,Successful,100
TXN00088,2025-03-29,ATM015,Asansol,Balance Inquiry,Successful,0
TXN00973,2025-03-30,ATM010,Durgapur,Balance Inquiry,Successful,0
TXN00552,2025-03-31,ATM003,Bardhaman,Cash Deposit,Successful,100
TXN00613,2025-04-01,ATM001,Asansol,Cash Withdrawal,Successful,100
TXN00806,2025-04-01,ATM020,Howrah,Balance Inquiry,Failed,0
TXN00461,2025-04-01,ATM011,Kolkata,Cash Withdrawal,Successful,10000
TXN00501,2025-04-02,ATM016,Durgapur,Mini Statement,Successful,0
TXN00464,2025-04-02,ATM014,Siliguri,Balance Inquiry,Successful,0
TXN00903,2025-04-02,ATM002,Haldia,Cash Withdrawal,Successful,500
TXN00166,2025-04-02,ATM017,Kharagpur,Cash Withdrawal,Successful,2000
TXN00717,2025-04-04,ATM013,Howrah,Cash Withdrawal,Successful,3000
TXN00832,2025-04-04,ATM017,Howrah,Cash Withdrawal,Successful,4000
TXN00279,2025-04-04,ATM011,Siliguri,Balance Inquiry,Successful,0
TXN00926,2025-04-05,ATM015,Asansol,Balance Inquiry,Successful,0
TXN00889,2025-04-05,ATM014,Asansol,Cash Withdrawal,Successful,2500
TXN00331,2025-04-06,ATM010,Durgapur,Cash Withdrawal,Successful,4000
TXN00254,2025-04-08,ATM009,Asansol,Cash Withdrawal,Successful,1500
TXN00845,2025-04-08,ATM002,Durgapur,Cash Deposit,Successful,3000
TXN00313,2025-04-08,ATM012,Kharagpur,Cash Withdrawal,Successful,4000
TXN00516,2025-04-08,ATM001,Siliguri,Cash Deposit,Successful,500
TXN00274,2025-04-08,ATM019,Bardhaman,Balance Inquiry,Successful,0
TXN00547,2025-04-09,ATM002,Howrah,Cash Withdrawal,Successful,10000
TXN00485,2025-04-09,ATM018,Kharagpur,Cash Withdrawal,Successful,500
TXN00273,2025-04-09,ATM002,Howrah,Cash Withdrawal,Successful,5000
TXN00884,2025-04-09,ATM001,Howrah,Cash Withdrawal,Successful,1000
TXN00890,2025-04-09,ATM006,Howrah,Balance Inquiry,Successful,0
TXN00061,2025-04-09,ATM018,Kharagpur,Cash Withdrawal,Successful,500
TXN00600,2025-04-10,ATM014,Kolkata,Balance Inquiry,Successful,0
TXN00899,2025-04-10,ATM018,Durgapur,Balance Inquiry,Successful,0
TXN00526,2025-04-11,ATM006,Bardhaman,Balance Inquiry,Successful,0
TXN00998,2025-04-12,ATM003,Howrah,Cash Deposit,Successful,4000
TXN00174,2025-04-12,ATM009,Kolkata,Cash Withdrawal,Successful,5000
TXN00772,2025-04-12,ATM005,Durgapur,Cash Withdrawal,Successful,4000
TXN00588,2025-04-12,ATM014,Durgapur,Balance Inquiry,Successful,0
TXN00023,2025-04-12,ATM003,Asansol,Balance Inquiry,Successful,0
TXN00743,2025-04-13,ATM018,Durgapur,Cash Withdrawal,Failed,5000
TXN00210,2025-04-13,ATM019,Kolkata,Cash Withdrawal,Successful,1000
TXN00477,2025-04-13,ATM014,Asansol,Balance Inquiry,Successful,0
TXN00353,2025-04-15,ATM007,Kharagpur,Cash Deposit,Successful,1000
TXN00407,2025-04-15,ATM014,Asansol,Cash Withdrawal,Successful,5000
TXN00672,2025-04-16,ATM017,Haldia,Balance Inquiry,Successful,0
TXN00965,2025-04-17,ATM006,Asansol,Balance Inquiry,Successful,0
TXN00079,2025-04-18,ATM020,Bardhaman,Cash Withdrawal,Successful,2000
TXN00449,2025-04-18,ATM015,Bardhaman,Cash Withdrawal,Successful,2500
TXN00561,2025-04-18,ATM007,Durgapur,Mini Statement,Successful,0
TXN00405,2025-04-18,ATM002,Kolkata,Balance Inquiry,Successful,0
TXN00834,2025-04-19,ATM008,Haldia,Mini Statement,Successful,0
TXN00722,2025-04-19,ATM011,Durgapur,Balance Inquiry,Successful,0
TXN00207,2025-04-19,ATM008,Haldia,Balance Inquiry,Successful,0
TXN00111,2025-04-19,ATM016,Kolkata,Mini Statement,Successful,0
TXN00108,2025-04-19,ATM017,Asansol,Cash Withdrawal,Successful,4000
TXN00967,2025-04-19,ATM010,Asansol,Cash Withdrawal,Successful,100
TXN00571,2025-04-20,ATM010,Haldia,Cash Deposit,Successful,200
TXN00245,2025-04-20,ATM008,Durgapur,Cash Withdrawal,Successful,200
TXN00663,2025-04-20,ATM015,Howrah,Cash Withdrawal,Successful,1500
TXN00297,2025-04-20,ATM005,Durgapur,Cash Withdrawal,Successful,1500
TXN00373,2025-04-20,ATM011,Siliguri,Mini Statement,Successful,0
TXN00891,2025-04-21,ATM003,Durgapur,Mini Statement,Successful,0
TXN00039,2025-04-21,ATM006,Asansol,Cash Withdrawal,Successful,2500
TXN00753,2025-04-22,ATM012,Durgapur,Balance Inquiry,Successful,0
TXN00315,2025-04-22,ATM008,Durgapur,Balance Inquiry,Successful,0
TXN00017,2025-04-22,ATM013,Kolkata,Cash Withdrawal,Successful,200
TXN00691,2025-04-23,ATM015,Bardhaman,Balance Inquiry,Successful,0
TXN00689,2025-04-23,ATM018,Kharagpur,Mini Statement,Successful,0
TXN00098,2025-04-23,ATM018,Asansol,Cash Withdrawal,Successful,500
TXN00229,2025-04-23,ATM010,Kolkata,Cash Withdrawal,Successful,100
TXN00129,2025-04-23,ATM010,Haldia,Mini Statement,Failed,0
TXN00612,2025-04-23,ATM013,Bardhaman,Cash Deposit,Successful,2000
TXN00028,2025-04-23,ATM020,Siliguri,Cash Withdrawal,Successful,4000
TXN00476,2025-04-24,ATM003,Siliguri,Cash Deposit,Successful,10000
TXN00861,2025-04-24,ATM014,Kolkata,Cash Deposit,Successful,10000
TXN00006,2025-04-25,ATM003,Bardhaman,Cash Withdrawal,Successful,5000
TXN00482,2025-04-25,ATM002,Asansol,Cash Withdrawal,Successful,1500
TXN00736,2025-04-25,ATM012,Bardhaman,Balance Inquiry,Successful,0
TXN00221,2025-04-26,ATM005,Haldia,Cash Withdrawal,Successful,2500
TXN00587,2025-04-26,ATM016,Howrah,Cash Deposit,Successful,2000
TXN00951,2025-04-26,ATM015,Howrah,Balance Inquiry,Successful,0
TXN00901,2025-04-27,ATM013,Durgapur,Cash Deposit,Successful,3000
TXN00481,2025-04-27,ATM018,Asansol,Cash Withdrawal,Failed,2500
TXN00066,2025-04-27,ATM009,Haldia,Cash Withdrawal,Successful,10000
TXN00227,2025-04-28,ATM001,Howrah,Cash Deposit,Successful,5000
TXN00235,2025-04-28,ATM019,Siliguri,Cash Withdrawal,Successful,5000
TXN00102,2025-04-28,ATM004,Haldia,Cash Withdrawal,Successful,1000
TXN00985,2025-04-29,ATM009,Haldia,Cash Withdrawal,Successful,1000
TXN00658,2025-04-29,ATM019,Kharagpur,Cash Deposit,Failed,3000
TXN00882,2025-04-29,ATM010,Durgapur,Cash Withdrawal,Successful,3000
TXN00993,2025-04-30,ATM005,Bardhaman,Balance Inquiry,Successful,0
TXN00018,2025-04-30,ATM009,Durgapur,Cash Withdrawal,Successful,3000
TXN00069,2025-04-30,ATM013,Durgapur,Cash Deposit,Successful,5000
TXN00336,2025-05-01,ATM018,Bardhaman,Cash Withdrawal,Successful,2500
TXN00584,2025-05-01,ATM011,Kharagpur,Mini Statement,Successful,0
TXN00650,2025-05-01,ATM005,Durgapur,Cash Withdrawal,Successful,5000
TXN00241,2025-05-02,ATM007,Bardhaman,Cash Withdrawal,Successful,10000
TXN00459,2025-05-02,ATM008,Howrah,Cash Withdrawal,Failed,4000
TXN00292,2025-05-02,ATM010,Bardhaman,Cash Withdrawal,Successful,10000
TXN00645,2025-05-03,ATM005,Kolkata,Cash Deposit,Successful,5000
TXN00356,2025-05-03,ATM008,Asansol,Cash Withdrawal,Successful,5000
TXN00972,2025-05-03,ATM010,Asansol,Cash Withdrawal,Successful,10000
TXN00188,2025-05-03,ATM008,Bardhaman,Cash Withdrawal,Successful,100
TXN00747,2025-05-03,ATM017,Bardhaman,Cash Withdrawal,Successful,200
TXN00847,2025-05-04,ATM016,Bardhaman,Cash Withdrawal,Successful,500
TXN00851,2025-05-04,ATM020,Kharagpur,Cash Withdrawal,Successful,100
TXN00190,2025-05-04,ATM008,Siliguri,Balance Inquiry,Successful,0
TXN00864,2025-05-05,ATM008,Asansol,Balance Inquiry,Successful,0
TXN00822,2025-05-05,ATM005,Howrah,Cash Withdrawal,Successful,1500
TXN00251,2025-05-05,ATM010,Siliguri,Cash Deposit,Successful,100
TXN00605,2025-05-05,ATM019,Durgapur,Cash Withdrawal,Successful,10000
TXN00777,2025-05-05,ATM006,Asansol,Cash Withdrawal,Successful,4000
TXN00592,2025-05-06,ATM018,Bardhaman,Cash Deposit,Successful,5000
TXN00005,2025-05-06,ATM005,Haldia,Cash Withdrawal,Successful,5000
TXN00090,2025-05-06,ATM004,Durgapur,Cash Deposit,Successful,3000
TXN00379,2025-05-06,ATM018,Bardhaman,Cash Withdrawal,Successful,5000
TXN00818,2025-05-06,ATM006,Howrah,Cash Withdrawal,Successful,200
TXN00340,2025-05-07,ATM012,Kharagpur,Cash Withdrawal,Successful,1000
TXN00220,2025-05-07,ATM019,Kolkata,Balance Inquiry,Successful,0
TXN00639,2025-05-07,ATM007,Siliguri,Balance Inquiry,Successful,0
TXN00120,2025-05-07,ATM017,Bardhaman,Balance Inquiry,Successful,0
TXN00742,2025-05-07,ATM010,Howrah,Cash Withdrawal,Successful,5000
TXN00944,2025-05-08,ATM002,Asansol,Cash Withdrawal,Successful,5000
TXN00272,2025-05-08,ATM015,Asansol,Cash Withdrawal,Failed,2500
TXN00619,2025-05-08,ATM003,Siliguri,Cash Withdrawal,Successful,200
TXN00282,2025-05-08,ATM007,Durgapur,Cash Deposit,Successful,5000
TXN00468,2025-05-08,ATM011,Siliguri,Cash Withdrawal,Successful,1000
TXN00451,2025-05-08,ATM020,Asansol,Cash Withdrawal,Successful,100
TXN00148,2025-05-09,ATM013,Haldia,Cash Withdrawal,Failed,2500
TXN00413,2025-05-09,ATM012,Howrah,Cash Withdrawal,Successful,10000
TXN00881,2025-05-09,ATM005,Haldia,Cash Withdrawal,Successful,3000
TXN00729,2025-05-10,ATM009,Durgapur,Mini Statement,Successful,0
TXN00928,2025-05-10,ATM010,Asansol,Balance Inquiry,Successful,0
TXN00517,2025-05-11,ATM020,Kolkata,Cash Withdrawal,Successful,200
TXN00756,2025-05-12,ATM007,Siliguri,Cash Withdrawal,Successful,2000
TXN00638,2025-05-13,ATM017,Siliguri,Cash Withdrawal,Successful,10000
TXN00836,2025-05-13,ATM003,Howrah,Cash Withdrawal,Successful,1500
TXN00719,2025-05-14,ATM011,Durgapur,Cash Withdrawal,Successful,100
TXN00500,2025-05-14,ATM005,Asansol,Cash Withdrawal,Successful,4000
TXN00352,2025-05-14,ATM012,Asansol,Cash Withdrawal,Successful,10000
TXN00164,2025-05-15,ATM015,Kolkata,Cash Withdrawal,Successful,5000
TXN00123,2025-05-15,ATM009,Kharagpur,Cash Withdrawal,Successful,1000
TXN00424,2025-05-15,ATM015,Durgapur,Cash Withdrawal,Successful,500
TXN00410,2025-05-16,ATM003,Asansol,Cash Withdrawal,Successful,5000
TXN00357,2025-05-16,ATM012,Bardhaman,Cash Deposit,Successful,500
TXN00503,2025-05-16,ATM004,Kolkata,Cash Deposit,Successful,2500
TXN00397,2025-05-16,ATM001,Haldia,Cash Deposit,Successful,500
TXN00968,2025-05-16,ATM011,Howrah,Mini Statement,Successful,0
TXN00375,2025-05-16,ATM005,Durgapur,Mini Statement,Successful,0
TXN00118,2025-05-16,ATM007,Bardhaman,Cash Withdrawal,Successful,500
TXN00048,2025-05-16,ATM003,Siliguri,Cash Deposit,Failed,4000
TXN00304,2025-05-16,ATM001,Asansol,Cash Withdrawal,Failed,2000
TXN00203,2025-05-16,ATM012,Durgapur,Cash Withdrawal,Successful,10000
TXN00994,2025-05-16,ATM020,Kolkata,Balance Inquiry,Failed,0
TXN00081,2025-05-17,ATM015,Bardhaman,Cash Withdrawal,Successful,1000
TXN00469,2025-05-17,ATM009,Siliguri,Cash Withdrawal,Successful,4000
TXN00155,2025-05-17,ATM013,Siliguri,Balance Inquiry,Successful,0
TXN00106,2025-05-18,ATM016,Siliguri,Balance Inquiry,Successful,0
TXN00816,2025-05-18,ATM010,Kolkata,Cash Withdrawal,Successful,3000
TXN00879,2025-05-19,ATM019,Bardhaman,Cash Deposit,Successful,10000
TXN00809,2025-05-19,ATM002,Siliguri,Cash Withdrawal,Failed,2000
TXN00094,2025-05-19,ATM006,Kolkata,Balance Inquiry,Successful,0
TXN00692,2025-05-20,ATM019,Howrah,Cash Withdrawal,Failed,100
TXN00402,2025-05-20,ATM001,Durgapur,Balance Inquiry,Successful,0
TXN00651,2025-05-20,ATM003,Kharagpur,Cash Withdrawal,Successful,2000
TXN00646,2025-05-21,ATM009,Durgapur,Cash Withdrawal,Successful,2000
TXN00909,2025-05-21,ATM003,Kolkata,Cash Withdrawal,Successful,4000
TXN00004,2025-05-21,ATM009,Durgapur,Cash Withdrawal,Successful,4000
TXN00841,2025-05-22,ATM004,Bardhaman,Cash Withdrawal,Successful,1500
TXN00641,2025-05-22,ATM012,Asansol,Balance Inquiry,Failed,0
TXN00418,2025-05-22,ATM017,Kolkata,Cash Withdrawal,Successful,500
TXN00893,2025-05-22,ATM012,Durgapur,Cash Withdrawal,Successful,2000
TXN00072,2025-05-23,ATM018,Kharagpur,Balance Inquiry,Successful,0
TXN00820,2025-05-23,ATM015,Kharagpur,Cash Withdrawal,Successful,500
TXN00488,2025-05-23,ATM014,Bardhaman,Cash Withdrawal,Failed,5000
TXN00490,2025-05-23,ATM014,Bardhaman,Mini Statement,Successful,0
TXN00280,2025-05-23,ATM014,Asansol,Cash Withdrawal,Successful,1500
TXN00037,2025-05-23,ATM019,Bardhaman,Cash Withdrawal,Successful,1000
TXN00242,2025-05-23,ATM013,Haldia,Cash Withdrawal,Successful,2000
TXN00031,2025-05-23,ATM003,Howrah,Cash Deposit,Successful,1500
TXN00727,2025-05-23,ATM013,Durgapur,Cash Withdrawal,Successful,100
TXN00838,2025-05-24,ATM008,Kolkata,Cash Withdrawal,Successful,1000
TXN00403,2025-05-25,ATM006,Kharagpur,Cash Withdrawal,Failed,5000
TXN00988,2025-05-25,ATM013,Kharagpur,Balance Inquiry,Successful,0
TXN00897,2025-05-25,ATM017,Kharagpur,Balance Inquiry,Successful,0
TXN00921,2025-05-26,ATM015,Haldia,Cash Withdrawal,Successful,5000
TXN00577,2025-05-26,ATM001,Haldia,Balance Inquiry,Failed,0
TXN00381,2025-05-26,ATM019,Haldia,Cash Withdrawal,Successful,2000
TXN00560,2025-05-27,ATM009,Asansol,Cash Deposit,Failed,100
TXN00649,2025-05-27,ATM020,Siliguri,Cash Withdrawal,Successful,5000
TXN00306,2025-05-27,ATM018,Howrah,Cash Deposit,Successful,5000
TXN00986,2025-05-28,ATM002,Howrah,Cash Withdrawal,Successful,10000
TXN00067,2025-05-29,ATM011,Haldia,Balance Inquiry,Successful,0
TXN00913,2025-05-30,ATM019,Durgapur,Balance Inquiry,Successful,0
TXN00983,2025-05-30,ATM020,Kharagpur,Cash Deposit,Successful,3000
TXN00056,2025-05-31,ATM011,Howrah,Cash Withdrawal,Successful,3000
TXN00159,2025-05-31,ATM005,Kolkata,Balance Inquiry,Successful,0
TXN00860,2025-05-31,ATM017,Kharagpur,Cash Withdrawal,Successful,5000
TXN00314,2025-06-01,ATM004,Haldia,Cash Deposit,Successful,100
TXN00544,2025-06-01,ATM019,Bardhaman,Balance Inquiry,Successful,0
TXN00900,2025-06-01,ATM001,Haldia,Cash Withdrawal,Failed,2000
TXN00170,2025-06-02,ATM014,Kharagpur,Cash Withdrawal,Successful,100
TXN00956,2025-06-02,ATM016,Durgapur,Cash Deposit,Successful,2500
TXN00683,2025-06-02,ATM020,Howrah,Cash Withdrawal,Successful,1000
TXN00393,2025-06-03,ATM006,Bardhaman,Cash Withdrawal,Successful,1500
TXN00362,2025-06-03,ATM002,Siliguri,Cash Withdrawal,Successful,3000
TXN00536,2025-06-03,ATM013,Siliguri,Balance Inquiry,Successful,0
TXN00904,2025-06-04,ATM013,Asansol,Balance Inquiry,Successful,0
TXN00386,2025-06-04,ATM020,Bardhaman,Cash Withdrawal,Successful,500
TXN00780,2025-06-04,ATM015,Haldia,Mini Statement,Successful,0
TXN00555,2025-06-04,ATM014,Siliguri,Cash Withdrawal,Successful,100
TXN00942,2025-06-05,ATM010,Howrah,Cash Withdrawal,Successful,10000
TXN00559,2025-06-05,ATM014,Kharagpur,Cash Withdrawal,Successful,4000
TXN00865,2025-06-06,ATM010,Howrah,Cash Withdrawal,Successful,1500
TXN00480,2025-06-06,ATM005,Kharagpur,Balance Inquiry,Successful,0
TXN00880,2025-06-06,ATM008,Bardhaman,Cash Withdrawal,Successful,10000
TXN00959,2025-06-06,ATM009,Siliguri,Balance Inquiry,Successful,0
TXN00445,2025-06-07,ATM013,Kharagpur,Balance Inquiry,Failed,0
TXN00187,2025-06-07,ATM003,Bardhaman,Mini Statement,Successful,0
TXN00538,2025-06-08,ATM015,Asansol,Cash Withdrawal,Successful,500
TXN00586,2025-06-08,ATM001,Siliguri,Balance Inquiry,Successful,0
TXN00763,2025-06-09,ATM003,Haldia,Cash Withdrawal,Successful,200
TXN00767,2025-06-09,ATM018,Asansol,Cash Deposit,Successful,200
TXN00211,2025-06-09,ATM006,Bardhaman,Cash Withdrawal,Successful,200
TXN00509,2025-06-10,ATM019,Asansol,Cash Withdrawal,Successful,5000
TXN00533,2025-06-10,ATM003,Siliguri,Cash Withdrawal,Successful,500
TXN00320,2025-06-10,ATM011,Howrah,Mini Statement,Successful,0
TXN00355,2025-06-10,ATM015,Haldia,Cash Withdrawal,Successful,1000
TXN00364,2025-06-11,ATM009,Howrah,Cash Deposit,Successful,500
TXN00885,2025-06-11,ATM020,Durgapur,Cash Deposit,Successful,500
TXN00104,2025-06-11,ATM004,Asansol,Cash Withdrawal,Successful,2000
TXN00110,2025-06-11,ATM014,Howrah,Cash Withdrawal,Successful,5000
TXN00351,2025-06-11,ATM002,Kolkata,Balance Inquiry,Successful,0
TXN00628,2025-06-12,ATM013,Haldia,Cash Withdrawal,Successful,2000
TXN00653,2025-06-13,ATM016,Asansol,Cash Withdrawal,Successful,5000
TXN00566,2025-06-14,ATM004,Siliguri,Cash Withdrawal,Successful,10000
TXN00817,2025-06-15,ATM003,Haldia,Cash Withdrawal,Successful,10000
TXN00182,2025-06-15,ATM011,Howrah,Cash Withdrawal,Failed,500
TXN00831,2025-06-16,ATM013,Haldia,Balance Inquiry,Successful,0
TXN00100,2025-06-16,ATM003,Kharagpur,Cash Withdrawal,Successful,100
TXN00724,2025-06-17,ATM011,Asansol,Cash Withdrawal,Successful,2000
TXN00541,2025-06-17,ATM012,Bardhaman,Cash Deposit,Successful,100
TXN00721,2025-06-17,ATM002,Durgapur,Balance Inquiry,Successful,0
TXN00487,2025-06-18,ATM004,Kolkata,Cash Withdrawal,Successful,1500
TXN00667,2025-06-19,ATM010,Bardhaman,Cash Withdrawal,Successful,100
TXN00531,2025-06-19,ATM005,Howrah,Cash Withdrawal,Successful,2500
TXN00238,2025-06-19,ATM009,Kolkata,Mini Statement,Successful,0
TXN00497,2025-06-19,ATM019,Haldia,Cash Deposit,Successful,200
TXN00875,2025-06-19,ATM020,Bardhaman,Cash Withdrawal,Successful,3000
TXN00421,2025-06-20,ATM002,Kolkata,Balance Inquiry,Successful,0
TXN00465,2025-06-20,ATM004,Kolkata,Balance Inquiry,Successful,0
TXN00652,2025-06-21,ATM006,Howrah,Cash Withdrawal,Successful,500
TXN00582,2025-06-21,ATM009,Kolkata,Balance Inquiry,Successful,0
TXN00040,2025-06-22,ATM016,Asansol,Cash Withdrawal,Successful,1000
TXN00725,2025-06-22,ATM004,Asansol,Cash Withdrawal,Successful,4000
TXN00828,2025-06-22,ATM001,Siliguri,Balance Inquiry,Successful,0
TXN00697,2025-06-22,ATM017,Bardhaman,Cash Withdrawal,Successful,2500
TXN00223,2025-06-23,ATM015,Kharagpur,Cash Withdrawal,Successful,2000
TXN00270,2025-06-23,ATM002,Asansol,Cash Withdrawal,Successful,10000
TXN00925,2025-06-24,ATM003,Siliguri,Cash Withdrawal,Successful,1000
TXN00837,2025-06-24,ATM012,Asansol,Cash Withdrawal,Successful,5000
TXN00157,2025-06-24,ATM016,Bardhaman,Cash Withdrawal,Successful,2500
TXN00036,2025-06-24,ATM009,Bardhaman,Cash Withdrawal,Successful,200
TXN00794,2025-06-24,ATM007,Bardhaman,Balance Inquiry,Successful,0
TXN00406,2025-06-25,ATM005,Haldia,Balance Inquiry,Successful,0
TXN00046,2025-06-26,ATM014,Siliguri,Cash Withdrawal,Successful,10000
TXN00872,2025-06-26,ATM003,Howrah,Balance Inquiry,Successful,0
TXN00508,2025-06-26,ATM009,Siliguri,Cash Withdrawal,Successful,3000
TXN00786,2025-06-27,ATM020,Kharagpur,Mini Statement,Successful,0
TXN00377,2025-06-28,ATM007,Durgapur,Mini Statement,Successful,0
TXN00735,2025-06-29,ATM005,Howrah,Cash Withdrawal,Successful,1500
TXN00491,2025-06-29,ATM002,Kharagpur,Cash Withdrawal,Successful,500
TXN00479,2025-06-29,ATM012,Siliguri,Cash Withdrawal,Successful,1500
TXN00876,2025-06-30,ATM018,Kharagpur,Cash Withdrawal,Successful,200
TXN00682,2025-06-30,ATM003,Siliguri,Cash Deposit,Successful,10000
TXN00835,2025-07-01,ATM013,Bardhaman,Cash Withdrawal,Successful,500
TXN00454,2025-07-01,ATM004,Kolkata,Cash Deposit,Successful,2000
TXN00259,2025-07-01,ATM016,Haldia,Mini Statement,Successful,0
TXN00078,2025-07-01,ATM012,Durgapur,Balance Inquiry,Successful,0
TXN00045,2025-07-03,ATM019,Howrah,Cash Withdrawal,Successful,5000
TXN00448,2025-07-03,ATM010,Haldia,Cash Withdrawal,Successful,1000
TXN00902,2025-07-04,ATM016,Durgapur,Cash Withdrawal,Successful,3000
TXN00186,2025-07-05,ATM020,Bardhaman,Cash Withdrawal,Successful,3000
TXN00059,2025-07-05,ATM010,Haldia,Cash Deposit,Successful,200
TXN00800,2025-07-05,ATM013,Kolkata,Cash Withdrawal,Successful,200
TXN00128,2025-07-05,ATM001,Siliguri,Cash Withdrawal,Successful,2500
TXN00075,2025-07-06,ATM002,Durgapur,Balance Inquiry,Successful,0
TXN00446,2025-07-06,ATM020,Siliguri,Cash Deposit,Successful,2000
TXN00527,2025-07-06,ATM005,Asansol,Cash Withdrawal,Successful,5000
TXN00868,2025-07-08,ATM008,Bardhaman,Balance Inquiry,Failed,0
TXN00757,2025-07-08,ATM011,Haldia,Balance Inquiry,Successful,0
TXN00380,2025-07-09,ATM007,Kharagpur,Cash Withdrawal,Successful,500
TXN00077,2025-07-09,ATM017,Durgapur,Cash Withdrawal,Successful,10000
TXN00790,2025-07-09,ATM018,Haldia,Cash Withdrawal,Successful,200
TXN00438,2025-07-09,ATM003,Durgapur,Balance Inquiry,Successful,0
TXN00215,2025-07-11,ATM020,Asansol,Cash Withdrawal,Successful,10000
TXN00176,2025-07-11,ATM020,Bardhaman,Balance Inquiry,Successful,0
TXN00770,2025-07-12,ATM011,Howrah,Cash Withdrawal,Successful,100
TXN00053,2025-07-13,ATM011,Haldia,Cash Withdrawal,Successful,5000
TXN00093,2025-07-14,ATM008,Bardhaman,Cash Deposit,Successful,100
TXN00827,2025-07-14,ATM012,Haldia,Cash Withdrawal,Successful,4000
TXN00071,2025-07-14,ATM001,Durgapur,Cash Withdrawal,Successful,2000
TXN00953,2025-07-14,ATM011,Siliguri,Mini Statement,Successful,0
TXN00550,2025-07-14,ATM020,Siliguri,Cash Deposit,Successful,500
TXN00726,2025-07-14,ATM018,Haldia,Cash Withdrawal,Successful,4000
TXN00720,2025-07-14,ATM020,Kharagpur,Cash Withdrawal,Successful,4000
TXN00301,2025-07-14,ATM012,Siliguri,Cash Withdrawal,Successful,2500
TXN00679,2025-07-14,ATM012,Kharagpur,Cash Withdrawal,Successful,10000
TXN00043,2025-07-14,ATM009,Bardhaman,Cash Withdrawal,Successful,10000
TXN00473,2025-07-15,ATM003,Siliguri,Cash Withdrawal,Successful,4000
TXN00144,2025-07-15,ATM011,Siliguri,Cash Deposit,Successful,200
TXN00659,2025-07-16,ATM020,Durgapur,Cash Withdrawal,Successful,3000
TXN00602,2025-07-16,ATM015,Asansol,Cash Deposit,Successful,10000
TXN00143,2025-07-17,ATM015,Bardhaman,Cash Withdrawal,Successful,2500
TXN00514,2025-07-17,ATM020,Bardhaman,Cash Withdrawal,Successful,2000
TXN00696,2025-07-19,ATM016,Haldia,Cash Withdrawal,Successful,2000
TXN00674,2025-07-19,ATM010,Siliguri,Cash Withdrawal,Failed,2500
TXN00684,2025-07-19,ATM020,Howrah,Cash Withdrawal,Successful,1500
TXN00303,2025-07-19,ATM013,Bardhaman,Cash Withdrawal,Successful,200
TXN00707,2025-07-21,ATM008,Kolkata,Cash Withdrawal,Successful,3000
TXN00114,2025-07-22,ATM015,Kharagpur,Cash Withdrawal,Successful,100
TXN00358,2025-07-22,ATM004,Asansol,Cash Withdrawal,Successful,2500
TXN00771,2025-07-23,ATM020,Siliguri,Cash Deposit,Successful,3000
TXN00127,2025-07-24,ATM009,Bardhaman,Cash Withdrawal,Successful,5000
TXN00604,2025-07-24,ATM011,Kharagpur,Cash Withdrawal,Successful,5000
TXN00212,2025-07-24,ATM006,Bardhaman,Cash Withdrawal,Failed,1500
TXN00494,2025-07-24,ATM010,Asansol,Balance Inquiry,Successful,0
TXN00486,2025-07-24,ATM011,Haldia,Balance Inquiry,Successful,0
TXN00932,2025-07-25,ATM002,Haldia,Cash Deposit,Successful,1000
TXN00298,2025-07-25,ATM008,Kharagpur,Cash Withdrawal,Successful,10000
TXN00105,2025-07-25,ATM005,Haldia,Cash Withdrawal,Failed,100
TXN00337,2025-07-26,ATM005,Asansol,Balance Inquiry,Successful,0
TXN00269,2025-07-26,ATM004,Durgapur,Cash Withdrawal,Failed,500
TXN00542,2025-07-26,ATM010,Asansol,Balance Inquiry,Successful,0
TXN00700,2025-07-27,ATM015,Durgapur,Cash Deposit,Successful,100
TXN00556,2025-07-27,ATM016,Durgapur,Balance Inquiry,Failed,0
TXN00862,2025-07-27,ATM004,Siliguri,Balance Inquiry,Successful,0
TXN00294,2025-07-28,ATM004,Howrah,Balance Inquiry,Successful,0
TXN00456,2025-07-28,ATM007,Kolkata,Balance Inquiry,Successful,0
TXN00253,2025-07-28,ATM013,Asansol,Cash Deposit,Successful,200
TXN00666,2025-07-28,ATM015,Howrah,Balance Inquiry,Successful,0
TXN00848,2025-07-28,ATM005,Kharagpur,Balance Inquiry,Successful,0
TXN00978,2025-07-29,ATM015,Siliguri,Cash Deposit,Successful,4000
TXN00540,2025-07-29,ATM006,Haldia,Cash Withdrawal,Successful,500
TXN00466,2025-07-30,ATM011,Kharagpur,Cash Withdrawal,Successful,3000
TXN00261,2025-07-30,ATM008,Haldia,Balance Inquiry,Successful,0
TXN00462,2025-07-31,ATM015,Haldia,Cash Deposit,Successful,100
TXN00665,2025-08-01,ATM016,Siliguri,Cash Withdrawal,Successful,100
TXN00597,2025-08-01,ATM003,Kolkata,Balance Inquiry,Successful,0
TXN00670,2025-08-01,ATM002,Kolkata,Cash Withdrawal,Successful,200
TXN00947,2025-08-02,ATM004,Asansol,Cash Withdrawal,Successful,5000
TXN00346,2025-08-03,ATM004,Durgapur,Cash Withdrawal,Successful,200
TXN00685,2025-08-03,ATM017,Asansol,Cash Withdrawal,Successful,1500
TXN00027,2025-08-03,ATM011,Haldia,Cash Withdrawal,Successful,1500
TXN00728,2025-08-04,ATM010,Howrah,Cash Withdrawal,Successful,1000
TXN00673,2025-08-04,ATM003,Haldia,Balance Inquiry,Successful,0
TXN00548,2025-08-04,ATM005,Haldia,Cash Withdrawal,Successful,500
TXN00796,2025-08-04,ATM019,Howrah,Cash Withdrawal,Successful,200
TXN00013,2025-08-05,ATM015,Bardhaman,Cash Deposit,Successful,100
TXN00140,2025-08-05,ATM018,Siliguri,Cash Withdrawal,Successful,1500
TXN00206,2025-08-05,ATM005,Bardhaman,Balance Inquiry,Successful,0
TXN00035,2025-08-05,ATM001,Howrah,Balance Inquiry,Successful,0
TXN00278,2025-08-05,ATM010,Siliguri,Cash Withdrawal,Successful,500
TXN00307,2025-08-05,ATM004,Siliguri,Mini Statement,Successful,0
TXN00417,2025-08-05,ATM015,Howrah,Cash Deposit,Successful,3000
TXN00260,2025-08-05,ATM010,Bardhaman,Cash Withdrawal,Successful,4000
TXN00873,2025-08-06,ATM004,Asansol,Mini Statement,Successful,0
TXN00999,2025-08-06,ATM008,Kharagpur,Cash Deposit,Successful,2500
TXN00611,2025-08-06,ATM004,Asansol,Balance Inquiry,Successful,0
TXN00632,2025-08-07,ATM011,Howrah,Cash Withdrawal,Successful,1000
TXN00429,2025-08-07,ATM014,Haldia,Cash Deposit,Successful,500
TXN00958,2025-08-08,ATM017,Siliguri,Cash Withdrawal,Successful,5000
TXN00125,2025-08-08,ATM011,Bardhaman,Cash Withdrawal,Successful,1500
TXN00788,2025-08-08,ATM015,Howrah,Cash Withdrawal,Failed,2500
TXN00714,2025-08-08,ATM012,Asansol,Cash Deposit,Successful,3000
TXN00562,2025-08-09,ATM017,Siliguri,Cash Withdrawal,Successful,3000
TXN00528,2025-08-09,ATM019,Kolkata,Cash Deposit,Failed,500
TXN00258,2025-08-09,ATM020,Siliguri,Balance Inquiry,Successful,0
TXN00442,2025-08-09,ATM019,Asansol,Cash Deposit,Successful,500
TXN00799,2025-08-10,ATM010,Durgapur,Cash Withdrawal,Successful,100
TXN00805,2025-08-11,ATM007,Kolkata,Balance Inquiry,Successful,0
TXN00160,2025-08-11,ATM017,Asansol,Balance Inquiry,Failed,0
TXN00507,2025-08-11,ATM004,Kharagpur,Cash Withdrawal,Successful,500
TXN00510,2025-08-12,ATM008,Siliguri,Cash Withdrawal,Successful,1000
TXN00693,2025-08-12,ATM007,Howrah,Balance Inquiry,Successful,0
TXN00520,2025-08-12,ATM006,Kolkata,Cash Deposit,Failed,3000
TXN00814,2025-08-12,ATM017,Durgapur,Cash Withdrawal,Successful,4000
TXN00383,2025-08-13,ATM008,Siliguri,Cash Withdrawal,Successful,4000
TXN00216,2025-08-13,ATM013,Kolkata,Cash Withdrawal,Successful,5000
TXN00924,2025-08-14,ATM005,Kolkata,Cash Withdrawal,Successful,5000
TXN00647,2025-08-14,ATM007,Bardhaman,Balance Inquiry,Successful,0
TXN00284,2025-08-15,ATM018,Siliguri,Balance Inquiry,Successful,0
TXN00629,2025-08-15,ATM010,Kolkata,Balance Inquiry,Successful,0
TXN00569,2025-08-15,ATM016,Asansol,Cash Withdrawal,Successful,2500
TXN00955,2025-08-15,ATM016,Kharagpur,Cash Withdrawal,Successful,1500
TXN00568,2025-08-15,ATM019,Bardhaman,Cash Withdrawal,Successful,3000
TXN00426,2025-08-15,ATM002,Kharagpur,Balance Inquiry,Successful,0
TXN00634,2025-08-17,ATM003,Kharagpur,Cash Withdrawal,Successful,5000
TXN00276,2025-08-18,ATM005,Asansol,Cash Withdrawal,Successful,100
TXN00857,2025-08-18,ATM005,Siliguri,Cash Withdrawal,Successful,2500
TXN00029,2025-08-18,ATM009,Howrah,Cash Withdrawal,Successful,100
TXN00637,2025-08-19,ATM017,Kolkata,Cash Withdrawal,Successful,5000
TXN00979,2025-08-19,ATM012,Kharagpur,Cash Withdrawal,Successful,1500
TXN00821,2025-08-19,ATM017,Howrah,Cash Withdrawal,Successful,500
TXN00954,2025-08-19,ATM006,Bardhaman,Balance Inquiry,Successful,0
TXN00218,2025-08-20,ATM008,Asansol,Mini Statement,Successful,0
TXN00990,2025-08-21,ATM017,Bardhaman,Cash Withdrawal,Successful,10000
TXN00723,2025-08-21,ATM003,Asansol,Cash Withdrawal,Successful,10000
TXN00305,2025-08-21,ATM009,Kolkata,Cash Withdrawal,Successful,3000
TXN00878,2025-08-21,ATM017,Howrah,Mini Statement,Successful,0
TXN00162,2025-08-21,ATM011,Haldia,Balance Inquiry,Successful,0
TXN00073,2025-08-21,ATM015,Kolkata,Cash Withdrawal,Successful,4000
TXN00621,2025-08-22,ATM004,Asansol,Balance Inquiry,Successful,0
TXN00596,2025-08-22,ATM012,Kolkata,Balance Inquiry,Successful,0
TXN00367,2025-08-23,ATM015,Durgapur,Cash Withdrawal,Successful,500
TXN00116,2025-08-23,ATM005,Haldia,Mini Statement,Successful,0
TXN00363,2025-08-23,ATM013,Kolkata,Cash Withdrawal,Successful,4000
TXN00802,2025-08-24,ATM017,Bardhaman,Cash Withdrawal,Successful,10000
TXN00478,2025-08-24,ATM004,Durgapur,Cash Withdrawal,Successful,1000
TXN00050,2025-08-24,ATM012,Kolkata,Cash Withdrawal,Successful,2500
TXN00716,2025-08-25,ATM010,Kharagpur,Cash Deposit,Successful,2000
TXN00281,2025-08-25,ATM006,Asansol,Balance Inquiry,Successful,0
TXN00092,2025-08-25,ATM020,Durgapur,Cash Withdrawal,Successful,100
TXN00823,2025-08-26,ATM014,Durgapur,Cash Withdrawal,Successful,200
TXN00623,2025-08-26,ATM014,Kolkata,Mini Statement,Successful,0
TXN00616,2025-08-26,ATM020,Bardhaman,Cash Withdrawal,Successful,2000
TXN00754,2025-08-27,ATM010,Asansol,Cash Deposit,Successful,3000
TXN00669,2025-08-27,ATM019,Bardhaman,Cash Withdrawal,Successful,10000
TXN00567,2025-08-27,ATM010,Haldia,Cash Withdrawal,Failed,3000
TXN00813,2025-08-27,ATM004,Haldia,Cash Withdrawal,Successful,1500
TXN00262,2025-08-28,ATM020,Bardhaman,Cash Withdrawal,Successful,1000
TXN00702,2025-08-28,ATM011,Durgapur,Mini Statement,Failed,0
TXN00146,2025-08-28,ATM008,Haldia,Cash Deposit,Failed,2000
TXN00475,2025-08-29,ATM003,Bardhaman,Balance Inquiry,Successful,0
TXN00922,2025-08-29,ATM016,Durgapur,Cash Withdrawal,Successful,2500
TXN00731,2025-08-29,ATM005,Asansol,Balance Inquiry,Successful,0
TXN00982,2025-08-29,ATM012,Asansol,Cash Withdrawal,Failed,5000
TXN00250,2025-08-31,ATM010,Haldia,Cash Withdrawal,Successful,1500
TXN00869,2025-08-31,ATM014,Bardhaman,Cash Withdrawal,Successful,4000
TXN00252,2025-08-31,ATM001,Siliguri,Cash Withdrawal,Successful,2000
TXN00749,2025-08-31,ATM014,Bardhaman,Balance Inquiry,Successful,0
TXN00573,2025-08-31,ATM008,Durgapur,Balance Inquiry,Successful,0
TXN00593,2025-09-01,ATM008,Kolkata,Mini Statement,Successful,0
TXN00200,2025-09-01,ATM011,Durgapur,Cash Withdrawal,Successful,1000
TXN00853,2025-09-01,ATM003,Durgapur,Cash Withdrawal,Successful,2500
TXN00636,2025-09-01,ATM004,Howrah,Cash Withdrawal,Successful,200
TXN00929,2025-09-02,ATM007,Siliguri,Cash Withdrawal,Successful,2500
TXN00680,2025-09-02,ATM010,Howrah,Balance Inquiry,Successful,0
TXN00324,2025-09-02,ATM015,Haldia,Balance Inquiry,Successful,0
TXN00923,2025-09-03,ATM006,Howrah,Balance Inquiry,Successful,0
TXN00296,2025-09-04,ATM003,Kolkata,Cash Deposit,Failed,100
TXN00892,2025-09-05,ATM017,Bardhaman,Cash Deposit,Successful,2000
TXN00812,2025-09-05,ATM018,Kharagpur,Balance Inquiry,Successful,0
TXN00244,2025-09-06,ATM004,Bardhaman,Balance Inquiry,Successful,0
TXN00643,2025-09-06,ATM008,Howrah,Balance Inquiry,Successful,0
TXN00295,2025-09-06,ATM015,Durgapur,Cash Deposit,Successful,200
TXN00194,2025-09-06,ATM004,Kolkata,Mini Statement,Successful,0
TXN00694,2025-09-06,ATM011,Kolkata,Balance Inquiry,Successful,0
TXN00833,2025-09-07,ATM012,Haldia,Cash Withdrawal,Successful,2000
TXN00311,2025-09-07,ATM019,Durgapur,Cash Withdrawal,Successful,4000
TXN00690,2025-09-07,ATM002,Bardhaman,Balance Inquiry,Successful,0
TXN00183,2025-09-08,ATM016,Durgapur,Cash Withdrawal,Successful,500
TXN00412,2025-09-08,ATM015,Siliguri,Cash Withdrawal,Successful,1000
TXN00849,2025-09-08,ATM016,Haldia,Cash Withdrawal,Successful,3000
TXN00797,2025-09-08,ATM015,Siliguri,Cash Withdrawal,Successful,2000
TXN00856,2025-09-09,ATM007,Kolkata,Cash Deposit,Successful,2500
TXN00917,2025-09-09,ATM012,Kharagpur,Cash Withdrawal,Successful,1500
TXN00933,2025-09-09,ATM011,Haldia,Cash Withdrawal,Successful,5000
TXN00132,2025-09-10,ATM019,Haldia,Cash Withdrawal,Successful,2000
TXN00603,2025-09-11,ATM003,Kolkata,Cash Deposit,Successful,1500
TXN00830,2025-09-11,ATM002,Bardhaman,Mini Statement,Successful,0
TXN00113,2025-09-13,ATM008,Haldia,Cash Deposit,Successful,200
TXN00165,2025-09-14,ATM004,Howrah,Cash Withdrawal,Successful,500
TXN00325,2025-09-15,ATM010,Durgapur,Cash Withdrawal,Successful,10000
TXN00019,2025-09-16,ATM017,Haldia,Mini Statement,Successful,0
TXN00631,2025-09-16,ATM008,Durgapur,Cash Withdrawal,Successful,4000
TXN00411,2025-09-16,ATM016,Kolkata,Cash Withdrawal,Successful,1000
TXN00374,2025-09-17,ATM008,Siliguri,Cash Deposit,Successful,4000
TXN00792,2025-09-17,ATM010,Kharagpur,Cash Deposit,Failed,1500
TXN00172,2025-09-17,ATM003,Kolkata,Balance Inquiry,Successful,0
TXN00537,2025-09-17,ATM014,Bardhaman,Cash Deposit,Failed,500
TXN00167,2025-09-17,ATM015,Durgapur,Mini Statement,Successful,0
TXN00329,2025-09-18,ATM002,Howrah,Mini Statement,Successful,0
TXN00131,2025-09-18,ATM019,Asansol,Cash Withdrawal,Successful,200
TXN00493,2025-09-18,ATM020,Durgapur,Balance Inquiry,Successful,0
TXN00572,2025-09-19,ATM002,Haldia,Cash Withdrawal,Successful,5000
TXN00512,2025-09-19,ATM018,Howrah,Cash Withdrawal,Successful,200
TXN00578,2025-09-21,ATM007,Durgapur,Balance Inquiry,Successful,0
TXN00240,2025-09-21,ATM010,Siliguri,Cash Withdrawal,Successful,1000
TXN00844,2025-09-22,ATM005,Siliguri,Cash Deposit,Successful,4000
TXN00217,2025-09-22,ATM020,Haldia,Mini Statement,Successful,0
TXN00615,2025-09-23,ATM006,Howrah,Cash Withdrawal,Successful,1500
TXN00522,2025-09-24,ATM010,Siliguri,Cash Withdrawal,Successful,2000
TXN00642,2025-09-24,ATM005,Kolkata,Cash Withdrawal,Successful,5000
TXN00350,2025-09-25,ATM009,Siliguri,Cash Withdrawal,Successful,5000
TXN00952,2025-09-25,ATM013,Siliguri,Cash Withdrawal,Successful,200
TXN00807,2025-09-25,ATM005,Asansol,Cash Withdrawal,Successful,10000
TXN00895,2025-09-26,ATM017,Kharagpur,Cash Withdrawal,Failed,3000
TXN00389,2025-09-28,ATM005,Kolkata,Mini Statement,Successful,0
TXN00204,2025-09-28,ATM012,Kharagpur,Cash Withdrawal,Successful,5000
TXN00147,2025-09-28,ATM019,Haldia,Cash Deposit,Successful,2000
TXN00179,2025-09-29,ATM011,Kharagpur,Balance Inquiry,Successful,0
TXN00326,2025-09-29,ATM014,Haldia,Cash Withdrawal,Successful,2000
TXN00625,2025-09-29,ATM013,Kharagpur,Cash Withdrawal,Successful,500
TXN00871,2025-09-29,ATM015,Haldia,Balance Inquiry,Successful,0
TXN00196,2025-09-30,ATM006,Bardhaman,Balance Inquiry,Successful,0
TXN00787,2025-09-30,ATM010,Kharagpur,Cash Withdrawal,Successful,3000
TXN00705,2025-10-01,ATM006,Kharagpur,Cash Deposit,Successful,10000
TXN00089,2025-10-01,ATM016,Howrah,Cash Withdrawal,Successful,3000
TXN00907,2025-10-01,ATM001,Bardhaman,Cash Withdrawal,Failed,5000
TXN00496,2025-10-02,ATM004,Durgapur,Cash Deposit,Successful,4000
TXN00051,2025-10-02,ATM014,Bardhaman,Cash Withdrawal,Successful,200
TXN00275,2025-10-02,ATM012,Haldia,Cash Withdrawal,Successful,4000
TXN00887,2025-10-02,ATM008,Howrah,Mini Statement,Successful,0
TXN00154,2025-10-02,ATM013,Haldia,Cash Withdrawal,Successful,100
TXN00686,2025-10-03,ATM013,Durgapur,Balance Inquiry,Successful,0
TXN00122,2025-10-03,ATM003,Bardhaman,Cash Withdrawal,Successful,1000
TXN00523,2025-10-03,ATM011,Siliguri,Cash Withdrawal,Successful,200
TXN00372,2025-10-03,ATM002,Bardhaman,Balance Inquiry,Successful,0
TXN00811,2025-10-03,ATM012,Bardhaman,Cash Withdrawal,Successful,1000
TXN00208,2025-10-04,ATM017,Asansol,Cash Withdrawal,Successful,4000
TXN00246,2025-10-04,ATM013,Haldia,Balance Inquiry,Successful,0
TXN00289,2025-10-04,ATM006,Kolkata,Cash Withdrawal,Successful,2500
TXN00178,2025-10-04,ATM003,Howrah,Cash Withdrawal,Successful,1000
TXN00733,2025-10-04,ATM003,Asansol,Mini Statement,Successful,0
TXN00654,2025-10-04,ATM015,Durgapur,Cash Withdrawal,Failed,5000
TXN00668,2025-10-05,ATM009,Kharagpur,Balance Inquiry,Successful,0
TXN00318,2025-10-05,ATM020,Kolkata,Balance Inquiry,Failed,0
TXN00384,2025-10-06,ATM011,Howrah,Cash Deposit,Successful,4000
TXN00026,2025-10-07,ATM014,Asansol,Balance Inquiry,Successful,0
TXN00010,2025-10-07,ATM020,Durgapur,Balance Inquiry,Successful,0
TXN00436,2025-10-07,ATM020,Durgapur,Cash Withdrawal,Successful,2500
TXN00687,2025-10-07,ATM015,Kharagpur,Cash Withdrawal,Successful,1500
TXN00557,2025-10-08,ATM020,Kolkata,Cash Withdrawal,Successful,3000
TXN00633,2025-10-08,ATM006,Haldia,Mini Statement,Successful,0
TXN00201,2025-10-09,ATM002,Bardhaman,Cash Withdrawal,Successful,3000
TXN00285,2025-10-09,ATM012,Siliguri,Cash Withdrawal,Successful,3000
TXN00874,2025-10-09,ATM016,Haldia,Cash Withdrawal,Successful,200
TXN00427,2025-10-10,ATM016,Bardhaman,Cash Deposit,Successful,3000
TXN00440,2025-10-10,ATM009,Kolkata,Balance Inquiry,Failed,0
TXN00055,2025-10-10,ATM006,Howrah,Cash Withdrawal,Successful,10000
TXN00974,2025-10-10,ATM015,Durgapur,Cash Withdrawal,Successful,500
TXN00226,2025-10-11,ATM009,Kolkata,Cash Withdrawal,Successful,2000
TXN00545,2025-10-11,ATM020,Haldia,Cash Withdrawal,Successful,3000
TXN00870,2025-10-11,ATM020,Siliguri,Cash Deposit,Failed,200
TXN00912,2025-10-11,ATM004,Haldia,Cash Withdrawal,Successful,200
TXN00400,2025-10-11,ATM019,Kolkata,Cash Withdrawal,Successful,500
TXN00392,2025-10-11,ATM009,Durgapur,Mini Statement,Successful,0
TXN00149,2025-10-11,ATM008,Asansol,Cash Withdrawal,Successful,2500
TXN00850,2025-10-12,ATM015,Siliguri,Cash Withdrawal,Successful,10000
TXN00842,2025-10-12,ATM011,Howrah,Cash Deposit,Successful,5000
TXN00309,2025-10-12,ATM012,Durgapur,Cash Deposit,Successful,500
TXN00097,2025-10-13,ATM001,Kolkata,Cash Withdrawal,Successful,4000
TXN00618,2025-10-13,ATM012,Haldia,Balance Inquiry,Successful,0
TXN00946,2025-10-13,ATM009,Haldia,Cash Deposit,Successful,200
TXN00626,2025-10-14,ATM017,Kharagpur,Balance Inquiry,Successful,0
TXN00455,2025-10-14,ATM018,Kharagpur,Mini Statement,Successful,0
TXN00121,2025-10-15,ATM005,Bardhaman,Balance Inquiry,Successful,0
TXN00430,2025-10-15,ATM004,Kharagpur,Cash Withdrawal,Successful,1000
TXN00022,2025-10-15,ATM015,Asansol,Mini Statement,Successful,0
TXN00709,2025-10-16,ATM015,Bardhaman,Cash Withdrawal,Successful,10000
TXN00941,2025-10-16,ATM007,Kharagpur,Cash Withdrawal,Successful,10000
TXN00752,2025-10-16,ATM001,Kharagpur,Mini Statement,Failed,0
TXN00369,2025-10-16,ATM007,Asansol,Cash Withdrawal,Successful,4000
TXN00784,2025-10-17,ATM008,Asansol,Cash Withdrawal,Successful,500
TXN00349,2025-10-17,ATM014,Bardhaman,Balance Inquiry,Successful,0
TXN00191,2025-10-18,ATM003,Kharagpur,Cash Deposit,Successful,1500
TXN00109,2025-10-18,ATM009,Haldia,Cash Withdrawal,Successful,4000
TXN00960,2025-10-19,ATM003,Kolkata,Cash Withdrawal,Successful,10000
TXN00824,2025-10-19,ATM003,Bardhaman,Cash Deposit,Successful,100
TXN00554,2025-10-19,ATM015,Kolkata,Cash Withdrawal,Successful,1500
TXN00339,2025-10-19,ATM015,Durgapur,Cash Withdrawal,Successful,1500
TXN00248,2025-10-20,ATM012,Bardhaman,Balance Inquiry,Successful,0
TXN00920,2025-10-21,ATM006,Haldia,Cash Deposit,Successful,2500
TXN00678,2025-10-22,ATM002,Durgapur,Cash Deposit,Successful,4000
TXN00599,2025-10-22,ATM002,Kolkata,Balance Inquiry,Successful,0
TXN00768,2025-10-22,ATM017,Kharagpur,Cash Withdrawal,Successful,3000
TXN00249,2025-10-23,ATM019,Asansol,Cash Deposit,Successful,500
TXN00060,2025-10-23,ATM013,Kharagpur,Cash Deposit,Successful,500
TXN00935,2025-10-23,ATM017,Howrah,Balance Inquiry,Successful,0
TXN00515,2025-10-23,ATM018,Howrah,Balance Inquiry,Successful,0
TXN00765,2025-10-24,ATM004,Bardhaman,Cash Deposit,Successful,100
TXN00317,2025-10-24,ATM001,Kolkata,Balance Inquiry,Successful,0
TXN00341,2025-10-24,ATM018,Kharagpur,Cash Withdrawal,Successful,500
TXN00563,2025-10-24,ATM004,Bardhaman,Mini Statement,Successful,0
TXN00867,2025-10-25,ATM002,Durgapur,Cash Withdrawal,Successful,1000
TXN00502,2025-10-25,ATM008,Haldia,Cash Withdrawal,Successful,2500
TXN00348,2025-10-26,ATM020,Haldia,Cash Withdrawal,Successful,4000
TXN00439,2025-10-26,ATM005,Siliguri,Cash Deposit,Successful,1000
TXN00126,2025-10-26,ATM017,Howrah,Cash Withdrawal,Successful,200
TXN00124,2025-10-27,ATM014,Durgapur,Cash Deposit,Successful,1500
TXN00675,2025-10-27,ATM015,Bardhaman,Cash Withdrawal,Successful,100
TXN00323,2025-10-27,ATM003,Haldia,Cash Withdrawal,Successful,100
TXN00225,2025-10-29,ATM015,Siliguri,Cash Withdrawal,Successful,2000
TXN00228,2025-10-29,ATM015,Siliguri,Cash Deposit,Successful,10000
TXN00957,2025-10-29,ATM012,Durgapur,Cash Deposit,Successful,200
TXN00996,2025-10-29,ATM002,Haldia,Cash Deposit,Successful,100
TXN00894,2025-10-29,ATM003,Kharagpur,Mini Statement,Successful,0
TXN00030,2025-10-29,ATM001,Durgapur,Cash Deposit,Successful,200
TXN00012,2025-10-30,ATM010,Kharagpur,Cash Withdrawal,Successful,200
TXN00708,2025-10-31,ATM015,Howrah,Cash Deposit,Successful,100
TXN00774,2025-10-31,ATM013,Haldia,Balance Inquiry,Successful,0
TXN00815,2025-10-31,ATM004,Bardhaman,Cash Withdrawal,Successful,2000
TXN00333,2025-11-01,ATM004,Asansol,Cash Deposit,Successful,100
TXN00342,2025-11-01,ATM014,Bardhaman,Cash Deposit,Successful,2000
TXN00627,2025-11-01,ATM003,Kharagpur,Balance Inquiry,Successful,0
TXN00981,2025-11-01,ATM002,Durgapur,Cash Withdrawal,Successful,5000
TXN00145,2025-11-02,ATM007,Durgapur,Cash Withdrawal,Successful,100
TXN00896,2025-11-02,ATM018,Durgapur,Cash Withdrawal,Successful,100
TXN00506,2025-11-02,ATM012,Durgapur,Cash Deposit,Successful,100
TXN00141,2025-11-02,ATM018,Durgapur,Cash Withdrawal,Successful,100
TXN00839,2025-11-02,ATM001,Howrah,Balance Inquiry,Successful,0
TXN00949,2025-11-02,ATM014,Howrah,Cash Withdrawal,Successful,3000
TXN00181,2025-11-03,ATM013,Asansol,Balance Inquiry,Successful,0
TXN00782,2025-11-04,ATM014,Asansol,Balance Inquiry,Successful,0
TXN00020,2025-11-05,ATM018,Kharagpur,Cash Withdrawal,Successful,100
TXN00688,2025-11-05,ATM019,Durgapur,Cash Deposit,Successful,1500
TXN00047,2025-11-06,ATM016,Durgapur,Balance Inquiry,Successful,0
TXN00404,2025-11-06,ATM009,Haldia,Cash Withdrawal,Successful,5000
TXN00760,2025-11-07,ATM008,Kharagpur,Cash Withdrawal,Successful,4000
TXN00948,2025-11-07,ATM012,Bardhaman,Balance Inquiry,Successful,0
TXN00564,2025-11-07,ATM012,Siliguri,Cash Withdrawal,Successful,1000
TXN00511,2025-11-07,ATM014,Bardhaman,Cash Withdrawal,Successful,3000
TXN00205,2025-11-07,ATM014,Asansol,Balance Inquiry,Successful,0
TXN00759,2025-11-07,ATM007,Durgapur,Balance Inquiry,Successful,0
TXN00086,2025-11-08,ATM005,Asansol,Cash Withdrawal,Successful,4000
TXN00173,2025-11-08,ATM016,Kharagpur,Cash Withdrawal,Successful,3000
TXN00825,2025-11-09,ATM008,Asansol,Cash Withdrawal,Successful,5000
TXN00594,2025-11-09,ATM017,Haldia,Cash Withdrawal,Failed,1500
TXN00963,2025-11-09,ATM014,Durgapur,Cash Withdrawal,Successful,2000
TXN00387,2025-11-10,ATM001,Howrah,Cash Deposit,Successful,2000
TXN00630,2025-11-10,ATM011,Kolkata,Cash Deposit,Successful,2500
TXN00553,2025-11-12,ATM009,Kharagpur,Cash Withdrawal,Successful,5000
TXN00810,2025-11-12,ATM016,Haldia,Balance Inquiry,Successful,0
TXN00058,2025-11-13,ATM016,Kharagpur,Balance Inquiry,Successful,0
TXN00950,2025-11-13,ATM013,Haldia,Balance Inquiry,Successful,0
TXN00961,2025-11-14,ATM014,Bardhaman,Cash Deposit,Successful,5000
TXN00457,2025-11-14,ATM014,Siliguri,Cash Deposit,Successful,5000
TXN00344,2025-11-14,ATM005,Kharagpur,Cash Withdrawal,Successful,10000
TXN00581,2025-11-14,ATM005,Howrah,Cash Deposit,Successful,1000
TXN00368,2025-11-15,ATM003,Kharagpur,Cash Withdrawal,Successful,5000
TXN00745,2025-11-15,ATM011,Kolkata,Cash Deposit,Successful,500
TXN00704,2025-11-15,ATM017,Haldia,Balance Inquiry,Successful,0
TXN00532,2025-11-16,ATM001,Haldia,Cash Withdrawal,Successful,100
TXN00169,2025-11-17,ATM005,Bardhaman,Cash Withdrawal,Successful,500
TXN00995,2025-11-17,ATM015,Howrah,Mini Statement,Successful,0
TXN00644,2025-11-17,ATM004,Asansol,Cash Withdrawal,Successful,2500
TXN00966,2025-11-17,ATM018,Asansol,Cash Deposit,Successful,10000
TXN00776,2025-11-18,ATM006,Haldia,Mini Statement,Successful,0
TXN00057,2025-11-18,ATM014,Asansol,Balance Inquiry,Successful,0
TXN00137,2025-11-18,ATM016,Asansol,Cash Withdrawal,Successful,200
TXN00936,2025-11-19,ATM013,Asansol,Cash Deposit,Successful,5000
TXN00598,2025-11-19,ATM013,Kharagpur,Balance Inquiry,Successful,0
TXN00233,2025-11-20,ATM015,Durgapur,Balance Inquiry,Successful,0
TXN00580,2025-11-21,ATM007,Kolkata,Cash Deposit,Successful,4000
TXN00416,2025-11-21,ATM004,Bardhaman,Cash Deposit,Successful,200
TXN00409,2025-11-21,ATM004,Kharagpur,Balance Inquiry,Successful,0
TXN00074,2025-11-22,ATM014,Howrah,Cash Withdrawal,Successful,2000
TXN00087,2025-11-22,ATM010,Durgapur,Balance Inquiry,Successful,0
TXN00801,2025-11-22,ATM017,Kharagpur,Cash Withdrawal,Successful,4000
TXN00423,2025-11-23,ATM010,Kharagpur,Cash Deposit,Successful,2000
TXN00640,2025-11-23,ATM012,Haldia,Cash Withdrawal,Successful,200
TXN00916,2025-11-23,ATM002,Haldia,Cash Withdrawal,Successful,200
TXN00001,2025-11-24,ATM018,Bardhaman,Mini Statement,Successful,0
TXN00171,2025-11-24,ATM005,Bardhaman,Cash Withdrawal,Failed,10000
TXN00095,2025-11-24,ATM010,Kolkata,Balance Inquiry,Successful,0
TXN00156,2025-11-25,ATM005,Siliguri,Cash Withdrawal,Successful,10000
TXN00492,2025-11-25,ATM010,Kharagpur,Mini Statement,Successful,0
TXN00713,2025-11-26,ATM006,Kolkata,Cash Withdrawal,Successful,10000
TXN00115,2025-11-26,ATM018,Haldia,Cash Withdrawal,Successful,3000
TXN00266,2025-11-27,ATM020,Kharagpur,Cash Withdrawal,Successful,4000
TXN00854,2025-11-27,ATM001,Kharagpur,Balance Inquiry,Successful,0
TXN00361,2025-11-27,ATM012,Bardhaman,Balance Inquiry,Successful,0
TXN00084,2025-11-28,ATM009,Asansol,Cash Withdrawal,Successful,1000
TXN00793,2025-11-28,ATM016,Kolkata,Cash Withdrawal,Successful,100
TXN00214,2025-11-29,ATM003,Kharagpur,Balance Inquiry,Successful,0
TXN00024,2025-11-29,ATM020,Haldia,Cash Withdrawal,Successful,2000
TXN00737,2025-11-29,ATM010,Asansol,Cash Deposit,Successful,2000
TXN00739,2025-11-30,ATM005,Haldia,Cash Withdrawal,Successful,10000
TXN00808,2025-11-30,ATM009,Siliguri,Cash Withdrawal,Successful,1000
TXN00288,2025-11-30,ATM009,Siliguri,Cash Withdrawal,Successful,200
TXN00388,2025-12-01,ATM009,Howrah,Cash Withdrawal,Successful,500
TXN00265,2025-12-01,ATM007,Howrah,Mini Statement,Successful,0
TXN00112,2025-12-02,ATM016,Durgapur,Cash Withdrawal,Successful,500
TXN00565,2025-12-02,ATM014,Kharagpur,Mini Statement,Successful,0
TXN00607,2025-12-02,ATM019,Howrah,Cash Deposit,Successful,5000
TXN00347,2025-12-03,ATM016,Durgapur,Cash Withdrawal,Successful,2500
TXN00257,2025-12-04,ATM002,Asansol,Cash Withdrawal,Successful,100
TXN00484,2025-12-04,ATM018,Durgapur,Cash Withdrawal,Successful,3000
TXN00575,2025-12-04,ATM020,Durgapur,Cash Deposit,Successful,1000
TXN00199,2025-12-04,ATM002,Durgapur,Cash Deposit,Successful,4000
TXN00789,2025-12-05,ATM008,Haldia,Cash Withdrawal,Successful,4000
TXN00065,2025-12-05,ATM011,Howrah,Cash Withdrawal,Successful,2000
TXN00969,2025-12-05,ATM004,Durgapur,Cash Withdrawal,Successful,1000
TXN00997,2025-12-05,ATM005,Bardhaman,Balance Inquiry,Successful,0
TXN00310,2025-12-05,ATM009,Kharagpur,Mini Statement,Successful,0
TXN00866,2025-12-06,ATM004,Howrah,Cash Deposit,Successful,2000
TXN00394,2025-12-06,ATM004,Haldia,Cash Withdrawal,Successful,3000
TXN00579,2025-12-06,ATM010,Kolkata,Cash Withdrawal,Successful,10000
TXN00534,2025-12-06,ATM017,Siliguri,Cash Withdrawal,Successful,2000
TXN00710,2025-12-06,ATM017,Howrah,Cash Withdrawal,Successful,500
TXN00549,2025-12-07,ATM006,Bardhaman,Mini Statement,Successful,0
TXN00530,2025-12-07,ATM003,Siliguri,Cash Withdrawal,Successful,4000
TXN00539,2025-12-08,ATM011,Kharagpur,Cash Deposit,Successful,500
TXN00452,2025-12-08,ATM014,Siliguri,Cash Withdrawal,Successful,5000
TXN00624,2025-12-08,ATM019,Howrah,Cash Withdrawal,Successful,3000
TXN00391,2025-12-08,ATM018,Durgapur,Balance Inquiry,Failed,0
TXN00354,2025-12-09,ATM015,Siliguri,Cash Withdrawal,Successful,2500
TXN00750,2025-12-09,ATM017,Haldia,Cash Deposit,Successful,100
TXN00467,2025-12-09,ATM014,Haldia,Cash Withdrawal,Successful,100
TXN00698,2025-12-09,ATM005,Asansol,Cash Withdrawal,Successful,5000
TXN00826,2025-12-09,ATM015,Bardhaman,Mini Statement,Successful,0
TXN00243,2025-12-09,ATM016,Kharagpur,Cash Withdrawal,Successful,500
TXN00360,2025-12-10,ATM018,Asansol,Cash Withdrawal,Successful,5000
TXN00080,2025-12-10,ATM016,Siliguri,Cash Deposit,Failed,5000
TXN00213,2025-12-10,ATM006,Howrah,Balance Inquiry,Successful,0
TXN00525,2025-12-10,ATM001,Siliguri,Cash Withdrawal,Successful,2500
TXN00264,2025-12-11,ATM008,Asansol,Cash Withdrawal,Successful,4000
TXN00585,2025-12-11,ATM004,Durgapur,Cash Withdrawal,Successful,100
TXN00335,2025-12-12,ATM008,Kolkata,Cash Deposit,Successful,1500
TXN00570,2025-12-12,ATM017,Haldia,Cash Withdrawal,Successful,3000
TXN00551,2025-12-13,ATM002,Bardhaman,Mini Statement,Successful,0
TXN00769,2025-12-13,ATM002,Bardhaman,Cash Withdrawal,Failed,4000
TXN00009,2025-12-13,ATM010,Howrah,Balance Inquiry,Successful,0
TXN00699,2025-12-14,ATM002,Howrah,Cash Deposit,Successful,5000
TXN00495,2025-12-14,ATM012,Kharagpur,Cash Withdrawal,Successful,200
TXN00151,2025-12-15,ATM002,Kolkata,Cash Withdrawal,Successful,1000
TXN00139,2025-12-15,ATM011,Kharagpur,Mini Statement,Successful,0
TXN00450,2025-12-16,ATM017,Durgapur,Cash Withdrawal,Successful,2500
TXN00153,2025-12-16,ATM016,Kharagpur,Cash Withdrawal,Successful,5000
TXN00083,2025-12-16,ATM007,Howrah,Balance Inquiry,Failed,0
TXN00099,2025-12-17,ATM014,Siliguri,Cash Deposit,Successful,1500
TXN00781,2025-12-17,ATM002,Durgapur,Cash Withdrawal,Successful,200
TXN00524,2025-12-18,ATM012,Haldia,Balance Inquiry,Successful,0
TXN00937,2025-12-18,ATM018,Bardhaman,Balance Inquiry,Failed,0
TXN00408,2025-12-18,ATM017,Kolkata,Cash Withdrawal,Successful,5000
TXN00992,2025-12-18,ATM001,Haldia,Cash Withdrawal,Successful,2500
TXN00608,2025-12-19,ATM013,Durgapur,Cash Deposit,Successful,4000
TXN00096,2025-12-19,ATM018,Howrah,Cash Withdrawal,Successful,100
TXN00980,2025-12-19,ATM015,Haldia,Balance Inquiry,Successful,0
TXN00775,2025-12-20,ATM005,Siliguri,Cash Withdrawal,Successful,2000
TXN00888,2025-12-20,ATM019,Siliguri,Balance Inquiry,Successful,0
TXN00209,2025-12-20,ATM014,Haldia,Cash Withdrawal,Successful,1000
TXN00434,2025-12-20,ATM003,Bardhaman,Balance Inquiry,Successful,0
TXN00852,2025-12-20,ATM001,Durgapur,Cash Withdrawal,Successful,200
TXN00863,2025-12-21,ATM010,Siliguri,Cash Withdrawal,Successful,5000
TXN00660,2025-12-22,ATM011,Howrah,Cash Withdrawal,Successful,500
TXN00543,2025-12-23,ATM011,Asansol,Cash Withdrawal,Successful,1500
TXN00308,2025-12-23,ATM015,Kolkata,Cash Withdrawal,Successful,200
TXN00779,2025-12-23,ATM006,Kharagpur,Balance Inquiry,Successful,0
TXN00676,2025-12-23,ATM015,Kharagpur,Cash Withdrawal,Successful,2000
TXN00614,2025-12-23,ATM011,Kharagpur,Cash Withdrawal,Successful,200
TXN00601,2025-12-23,ATM001,Asansol,Cash Withdrawal,Successful,500
TXN00914,2025-12-24,ATM011,Siliguri,Cash Withdrawal,Successful,4000
TXN00034,2025-12-24,ATM019,Haldia,Balance Inquiry,Successful,0
TXN00755,2025-12-25,ATM006,Bardhaman,Cash Withdrawal,Failed,1000
TXN00877,2025-12-26,ATM001,Kharagpur,Cash Withdrawal,Successful,3000
TXN00989,2025-12-26,ATM012,Asansol,Cash Withdrawal,Successful,5000
TXN00025,2025-12-26,ATM002,Siliguri,Balance Inquiry,Successful,0
TXN00471,2025-12-26,ATM005,Durgapur,Balance Inquiry,Successful,0
TXN00840,2025-12-26,ATM011,Kolkata,Balance Inquiry,Successful,0
TXN00082,2025-12-26,ATM002,Asansol,Cash Deposit,Successful,5000
TXN00385,2025-12-27,ATM005,Haldia,Balance Inquiry,Successful,0
TXN00062,2025-12-27,ATM002,Howrah,Cash Deposit,Successful,4000
TXN00662,2025-12-28,ATM005,Kolkata,Mini Statement,Successful,0
TXN00428,2025-12-28,ATM013,Kharagpur,Balance Inquiry,Successful,0
TXN00987,2025-12-28,ATM003,Howrah,Mini Statement,Successful,0
TXN00232,2025-12-29,ATM003,Kharagpur,Cash Withdrawal,Successful,2000
TXN00519,2025-12-29,ATM001,Kharagpur,Cash Withdrawal,Successful,200
TXN00906,2025-12-29,ATM009,Durgapur,Cash Withdrawal,Successful,5000
TXN00803,2025-12-29,ATM014,Kharagpur,Balance Inquiry,Successful,0
TXN00855,2025-12-31,ATM009,Kharagpur,Cash Withdrawal,Successful,200
